<?xml version="1.0"?>
<!-- Copyright (C) 2010-2024 Free Software Foundation, Inc.

     Copying and distribution of this file, with or without modification,
     are permitted in any medium without royalty provided the copyright
     notice and this notice are preserved.  -->

<!-- S/390 64-bit user-level code.  -->

<!DOCTYPE target SYSTEM "gdb-target.dtd">
<target>
  <architecture>s390:64-bit</architecture>
  <xi:include href="s390x-core64.xml"/>
  <xi:include href="s390-acr.xml"/>
  <xi:include href="s390-fpr.xml"/>

  <feature name="org.gnu.gdb.s390.linux">
    <reg name="orig_r2" bitsize="64" type="uint64" group="system"/>
    <reg name="last_break" bitsize="64" type="code_ptr" group="system" save-restore="no"/>
    <reg name="system_call" bitsize="32" type="uint32" group="system"/>
  </feature>
</target>
