<?xml version="1.0"?>
<!-- Copyright (C) 2020-2024 Free Software Foundation, Inc.

     Copying and distribution of this file, with or without modification,
     are permitted in any medium without royalty provided the copyright
     notice and this notice are preserved.  -->

<!DOCTYPE feature SYSTEM "gdb-target.dtd">
<feature name="org.gnu.gdb.z80.cpu">
  <flags id="af_flags" size="2">
    <field name="C" start="0" end="0"/>
    <field name="N" start="1" end="1"/>
    <field name="P/V" start="2" end="2"/>
    <field name="F3" start="3" end="3"/>
    <field name="H" start="4" end="4"/>
    <field name="F5" start="5" end="5"/>
    <field name="Z" start="6" end="6"/>
    <field name="S" start="7" end="7"/>
  </flags>
  <reg name="af" bitsize="16" type="af_flags"/>
  <reg name="bc" bitsize="16" type="uint16"/>
  <reg name="de" bitsize="16" type="data_ptr"/>
  <reg name="hl" bitsize="16" type="data_ptr"/>
  <reg name="sp" bitsize="16" type="data_ptr" />
  <reg name="pc" bitsize="32" type="code_ptr" />
  <reg name="ix" bitsize="16" type="data_ptr"/>
  <reg name="iy" bitsize="16" type="data_ptr"/>
  <reg name="af'" bitsize="16" type="af_flags"/>
  <reg name="bc'" bitsize="16" type="uint16"/>
  <reg name="de'" bitsize="16" type="data_ptr"/>
  <reg name="hl'" bitsize="16" type="data_ptr"/>
  <reg name="ir" bitsize="16" type="uint16"/>
</feature>
