<?xml version="1.0"?>
<!-- Copyright (C) 2015-2024 Free Software Foundation, Inc.

     Copying and distribution of this file, with or without modification,
     are permitted in any medium without royalty provided the copyright
     notice and this notice are preserved.  -->

<!DOCTYPE target SYSTEM "gdb-target.dtd">
<feature name="org.gnu.gdb.arc.core">
  <reg name="r0"  bitsize="32"/>
  <reg name="r1"  bitsize="32"/>
  <reg name="r2"  bitsize="32"/>
  <reg name="r3"  bitsize="32"/>
  <reg name="r4"  bitsize="32"/>
  <reg name="r5"  bitsize="32"/>
  <reg name="r6"  bitsize="32"/>
  <reg name="r7"  bitsize="32"/>
  <reg name="r8"  bitsize="32"/>
  <reg name="r9"  bitsize="32"/>
  <reg name="r10" bitsize="32"/>
  <reg name="r11" bitsize="32"/>
  <reg name="r12" bitsize="32"/>
  <reg name="r13" bitsize="32"/>
  <reg name="r14" bitsize="32"/>
  <reg name="r15" bitsize="32"/>
  <reg name="r16" bitsize="32"/>
  <reg name="r17" bitsize="32"/>
  <reg name="r18" bitsize="32"/>
  <reg name="r19" bitsize="32"/>
  <reg name="r20" bitsize="32"/>
  <reg name="r21" bitsize="32"/>
  <reg name="r22" bitsize="32"/>
  <reg name="r23" bitsize="32"/>
  <reg name="r24" bitsize="32"/>
  <reg name="r25" bitsize="32"/>

  <!-- ARC core data pointer registers.  -->
  <reg name="gp"  bitsize="32" type="data_ptr"/>
  <reg name="fp"  bitsize="32" type="data_ptr"/>
  <reg name="sp"  bitsize="32" type="data_ptr"/>

  <!-- Code pointers.  -->
  <reg name="blink"  bitsize="32" type="code_ptr"/>

  <!-- Here goes extension core registers: r32 - r59 -->

  <!-- Loop counter.  -->
  <reg name="lp_count" bitsize="32" type="uint32"/>

  <!-- r61 is a reserved register address.  -->

  <!-- r62 is a long immediate value, not a real register.  -->

  <!-- 4-byte aligned read-only program counter.  -->
  <reg name="pcl" bitsize="32" type="code_ptr" group=""/>
</feature>
