<?xml version="1.0"?>
<!-- Copyright (C) 2018-2024 Free Software Foundation, Inc.

     Copying and distribution of this file, with or without modification,
     are permitted in any medium without royalty provided the copyright
     notice and this notice are preserved.  -->

<!-- POWER8 Hardware Transactional Memory checkpointed GPRs.  -->
<!DOCTYPE feature SYSTEM "gdb-target.dtd">
<feature name="org.gnu.gdb.power.htm.core">
  <reg name="cr0" bitsize="32" type="uint32" save-restore="no"/>
  <reg name="cr1" bitsize="32" type="uint32" save-restore="no"/>
  <reg name="cr2" bitsize="32" type="uint32" save-restore="no"/>
  <reg name="cr3" bitsize="32" type="uint32" save-restore="no"/>
  <reg name="cr4" bitsize="32" type="uint32" save-restore="no"/>
  <reg name="cr5" bitsize="32" type="uint32" save-restore="no"/>
  <reg name="cr6" bitsize="32" type="uint32" save-restore="no"/>
  <reg name="cr7" bitsize="32" type="uint32" save-restore="no"/>
  <reg name="cr8" bitsize="32" type="uint32" save-restore="no"/>
  <reg name="cr9" bitsize="32" type="uint32" save-restore="no"/>
  <reg name="cr10" bitsize="32" type="uint32" save-restore="no"/>
  <reg name="cr11" bitsize="32" type="uint32" save-restore="no"/>
  <reg name="cr12" bitsize="32" type="uint32" save-restore="no"/>
  <reg name="cr13" bitsize="32" type="uint32" save-restore="no"/>
  <reg name="cr14" bitsize="32" type="uint32" save-restore="no"/>
  <reg name="cr15" bitsize="32" type="uint32" save-restore="no"/>
  <reg name="cr16" bitsize="32" type="uint32" save-restore="no"/>
  <reg name="cr17" bitsize="32" type="uint32" save-restore="no"/>
  <reg name="cr18" bitsize="32" type="uint32" save-restore="no"/>
  <reg name="cr19" bitsize="32" type="uint32" save-restore="no"/>
  <reg name="cr20" bitsize="32" type="uint32" save-restore="no"/>
  <reg name="cr21" bitsize="32" type="uint32" save-restore="no"/>
  <reg name="cr22" bitsize="32" type="uint32" save-restore="no"/>
  <reg name="cr23" bitsize="32" type="uint32" save-restore="no"/>
  <reg name="cr24" bitsize="32" type="uint32" save-restore="no"/>
  <reg name="cr25" bitsize="32" type="uint32" save-restore="no"/>
  <reg name="cr26" bitsize="32" type="uint32" save-restore="no"/>
  <reg name="cr27" bitsize="32" type="uint32" save-restore="no"/>
  <reg name="cr28" bitsize="32" type="uint32" save-restore="no"/>
  <reg name="cr29" bitsize="32" type="uint32" save-restore="no"/>
  <reg name="cr30" bitsize="32" type="uint32" save-restore="no"/>
  <reg name="cr31" bitsize="32" type="uint32" save-restore="no"/>

  <reg name="ccr" bitsize="32" type="uint32" save-restore="no"/>
  <reg name="cxer" bitsize="32" type="uint32" save-restore="no"/>
  <reg name="clr" bitsize="32" type="code_ptr" save-restore="no"/>
  <reg name="cctr" bitsize="32" type="uint32" save-restore="no"/>
</feature>
