<?xml version="1.0"?>
<!-- Copyright (C) 2007-2024 Free Software Foundation, Inc.

     Copying and distribution of this file, with or without modification,
     are permitted in any medium without royalty provided the copyright
     notice and this notice are preserved.  -->

<!-- The registers (some of them, anyway) defined by the
     Operating Environment Architecture.  -->

<!DOCTYPE feature SYSTEM "gdb-target.dtd">
<feature name="OEA">
  <reg name="sr0" bitsize="32" regnum="71"/>
  <reg name="sr1" bitsize="32"/>
  <reg name="sr2" bitsize="32"/>
  <reg name="sr3" bitsize="32"/>
  <reg name="sr4" bitsize="32"/>
  <reg name="sr5" bitsize="32"/>
  <reg name="sr6" bitsize="32"/>
  <reg name="sr7" bitsize="32"/>
  <reg name="sr8" bitsize="32"/>
  <reg name="sr9" bitsize="32"/>
  <reg name="sr10" bitsize="32"/>
  <reg name="sr11" bitsize="32"/>
  <reg name="sr12" bitsize="32"/>
  <reg name="sr13" bitsize="32"/>
  <reg name="sr14" bitsize="32"/>
  <reg name="sr15" bitsize="32"/>

  <reg name="pvr" bitsize="32"/>
  <reg name="ibat0u" bitsize="32"/>
  <reg name="ibat0l" bitsize="32"/>
  <reg name="ibat1u" bitsize="32"/>
  <reg name="ibat1l" bitsize="32"/>
  <reg name="ibat2u" bitsize="32"/>
  <reg name="ibat2l" bitsize="32"/>
  <reg name="ibat3u" bitsize="32"/>
  <reg name="ibat3l" bitsize="32"/>
  <reg name="dbat0u" bitsize="32"/>
  <reg name="dbat0l" bitsize="32"/>
  <reg name="dbat1u" bitsize="32"/>
  <reg name="dbat1l" bitsize="32"/>
  <reg name="dbat2u" bitsize="32"/>
  <reg name="dbat2l" bitsize="32"/>
  <reg name="dbat3u" bitsize="32"/>
  <reg name="dbat3l" bitsize="32"/>
  <reg name="sdr1" bitsize="32"/>
  <reg name="asr" bitsize="64"/>
  <reg name="dar" bitsize="32"/>
  <reg name="dsisr" bitsize="32"/>
  <reg name="sprg0" bitsize="32"/>
  <reg name="sprg1" bitsize="32"/>
  <reg name="sprg2" bitsize="32"/>
  <reg name="sprg3" bitsize="32"/>
  <reg name="srr0" bitsize="32"/>
  <reg name="srr1" bitsize="32"/>
  <reg name="tbl" bitsize="32"/>
  <reg name="tbu" bitsize="32"/>
  <reg name="dec" bitsize="32"/>
  <reg name="dabr" bitsize="32"/>
  <reg name="ear" bitsize="32"/>
</feature>
